{"data_time": 68.83684149989858, "fast_rcnn/cls_accuracy": 0.00244140625, "fast_rcnn/false_negative": 0.0, "fast_rcnn/fg_cls_accuracy": 0.0, "iteration": 0, "loss_box_reg": 0.010128910653293133, "loss_cls": 4.1351776123046875, "loss_rpn_cls": 0.6790306568145752, "loss_rpn_loc": 0.05121314898133278, "lr": 1e-05, "roi_head/num_target_bg_samples_supervised": 508.0, "roi_head/num_target_fg_samples_supervised": 4.0, "rpn/num_neg_anchors": 238.0, "rpn/num_pos_anchors": 18.0, "total_loss": 4.875550328753889}
